{"cameraMode":{"drawMode":0,"name":"Shaded","section":"Shading Mode"},"sceneLighting":false,"audioPlay":false,"sceneViewState":{"showFog":true,"showMaterialUpdate":false,"showSkybox":false,"showFlares":true,"showImageEffects":true,"showParticleSystems":true},"in2DMode":false,"pivot":{"x":0.0,"y":0.7363278865814209,"z":-0.001987159252166748},"rotation":{"x":0.040874335914850238,"y":-0.9341171979904175,"z":0.11382505297660828,"w":0.33636006712913515},"size":2.9774322509765627,"orthographic":false}